line,stage,stage_slug,altitude,depth_status,cell_path
aesthetic,1,prehension,infrared,complete,cells/aesthetic/01-prehension.md
aesthetic,2,irritability,infrared,complete,cells/aesthetic/02-irritability.md
aesthetic,3,basic-impulse,magenta,complete,cells/aesthetic/03-basic-impulse.md
aesthetic,4,emotion-complex,red,complete,cells/aesthetic/04-emotion-complex.md
aesthetic,5,sensory-motor,red,complete,cells/aesthetic/05-sensory-motor.md
aesthetic,6,nominal-rule,amber,complete,cells/aesthetic/06-nominal-rule.md
aesthetic,7,sentential-faith,amber,complete,cells/aesthetic/07-sentential-faith.md
aesthetic,8,preoperational,amber,complete,cells/aesthetic/08-preoperational.md
aesthetic,9,primary-modern,amber,complete,cells/aesthetic/09-primary-modern.md
aesthetic,10,concrete-peak,amber,complete,cells/aesthetic/10-concrete-peak.md
aesthetic,11,abstract-emerge,orange,complete,cells/aesthetic/11-abstract-emerge.md
aesthetic,12,formal-landmark,orange,complete,cells/aesthetic/12-formal-landmark.md
aesthetic,13,systematic-green,green,complete,cells/aesthetic/13-systematic-green.md
aesthetic,14,metasystematic-teal,teal,complete,cells/aesthetic/14-metasystematic-teal.md
aesthetic,15,paradigmatic-turq,turquoise,complete,cells/aesthetic/15-paradigmatic-turq.md
aesthetic,16,cross-paradigmatic,indigo,complete,cells/aesthetic/16-cross-paradigmatic.md
aesthetic,17,meta-cross-violet,violet,complete,cells/aesthetic/17-meta-cross-violet.md
civilization-axioms,1,prehension,infrared,complete,cells/civilization-axioms/01-prehension.md
civilization-axioms,2,irritability,infrared,complete,cells/civilization-axioms/02-irritability.md
civilization-axioms,3,basic-impulse,infrared,complete,cells/civilization-axioms/03-basic-impulse.md
civilization-axioms,4,emotion-complex,magenta,complete,cells/civilization-axioms/04-emotion-complex.md
civilization-axioms,5,sensory-motor,red,complete,cells/civilization-axioms/05-sensory-motor.md
civilization-axioms,6,nominal-rule,amber,complete,cells/civilization-axioms/06-nominal-rule.md
civilization-axioms,7,sentential-faith,amber,complete,cells/civilization-axioms/07-sentential-faith.md
civilization-axioms,8,preoperational,green,complete,cells/civilization-axioms/08-preoperational.md
civilization-axioms,9,primary-modern,amber,complete,cells/civilization-axioms/09-primary-modern.md
civilization-axioms,10,concrete-peak,orange,complete,cells/civilization-axioms/10-concrete-peak.md
civilization-axioms,11,abstract-emerge,orange,complete,cells/civilization-axioms/11-abstract-emerge.md
civilization-axioms,12,formal-landmark,teal,complete,cells/civilization-axioms/12-formal-landmark.md
civilization-axioms,13,systematic-green,teal,complete,cells/civilization-axioms/13-systematic-green.md
civilization-axioms,14,metasystematic-teal,turquoise,complete,cells/civilization-axioms/14-metasystematic-teal.md
civilization-axioms,15,paradigmatic-turq,turquoise,complete,cells/civilization-axioms/15-paradigmatic-turq.md
civilization-axioms,16,cross-paradigmatic,violet,complete,cells/civilization-axioms/16-cross-paradigmatic.md
civilization-axioms,17,meta-cross-violet,violet,complete,cells/civilization-axioms/17-meta-cross-violet.md
cognitive,1,prehension,infrared,complete,cells/cognitive/01-prehension.md
cognitive,2,irritability,infrared,complete,cells/cognitive/02-irritability.md
cognitive,3,basic-impulse,infrared,complete,cells/cognitive/03-basic-impulse.md
cognitive,4,emotion-complex,magenta,complete,cells/cognitive/04-emotion-complex.md
cognitive,5,sensory-motor,red,complete,cells/cognitive/05-sensory-motor.md
cognitive,6,nominal-rule,amber,complete,cells/cognitive/06-nominal-rule.md
cognitive,7,sentential-faith,amber,complete,cells/cognitive/07-sentential-faith.md
cognitive,8,preoperational,green,complete,cells/cognitive/08-preoperational.md
cognitive,9,primary-modern,amber,complete,cells/cognitive/09-primary-modern.md
cognitive,10,concrete-peak,orange,complete,cells/cognitive/10-concrete-peak.md
cognitive,11,abstract-emerge,orange,complete,cells/cognitive/11-abstract-emerge.md
cognitive,12,formal-landmark,teal,complete,cells/cognitive/12-formal-landmark.md
cognitive,13,systematic-green,teal,complete,cells/cognitive/13-systematic-green.md
cognitive,14,metasystematic-teal,turquoise,complete,cells/cognitive/14-metasystematic-teal.md
cognitive,15,paradigmatic-turq,turquoise,complete,cells/cognitive/15-paradigmatic-turq.md
cognitive,16,cross-paradigmatic,violet,complete,cells/cognitive/16-cross-paradigmatic.md
cognitive,17,meta-cross-violet,violet,complete,cells/cognitive/17-meta-cross-violet.md
collective-intelligence,1,prehension,infrared,complete,cells/collective-intelligence/01-prehension.md
collective-intelligence,2,irritability,infrared,complete,cells/collective-intelligence/02-irritability.md
collective-intelligence,3,basic-impulse,infrared,complete,cells/collective-intelligence/03-basic-impulse.md
collective-intelligence,4,emotion-complex,magenta,complete,cells/collective-intelligence/04-emotion-complex.md
collective-intelligence,5,sensory-motor,red,complete,cells/collective-intelligence/05-sensory-motor.md
collective-intelligence,6,nominal-rule,amber,complete,cells/collective-intelligence/06-nominal-rule.md
collective-intelligence,7,sentential-faith,amber,complete,cells/collective-intelligence/07-sentential-faith.md
collective-intelligence,8,preoperational,green,complete,cells/collective-intelligence/08-preoperational.md
collective-intelligence,9,primary-modern,amber,complete,cells/collective-intelligence/09-primary-modern.md
collective-intelligence,10,concrete-peak,orange,complete,cells/collective-intelligence/10-concrete-peak.md
collective-intelligence,11,abstract-emerge,orange,complete,cells/collective-intelligence/11-abstract-emerge.md
collective-intelligence,12,formal-landmark,teal,complete,cells/collective-intelligence/12-formal-landmark.md
collective-intelligence,13,systematic-green,teal,complete,cells/collective-intelligence/13-systematic-green.md
collective-intelligence,14,metasystematic-teal,turquoise,complete,cells/collective-intelligence/14-metasystematic-teal.md
collective-intelligence,15,paradigmatic-turq,turquoise,complete,cells/collective-intelligence/15-paradigmatic-turq.md
collective-intelligence,15,paradigmatic-turquoise,turquoise,complete,cells/collective-intelligence/15-paradigmatic-turquoise.md
collective-intelligence,16,cross-paradigmatic,violet,complete,cells/collective-intelligence/16-cross-paradigmatic.md
collective-intelligence,17,meta-cross-violet,violet,complete,cells/collective-intelligence/17-meta-cross-violet.md
computational,1,prehension,infrared,complete,cells/computational/01-prehension.md
computational,2,irritability,infrared,complete,cells/computational/02-irritability.md
computational,3,basic-impulse,infrared,complete,cells/computational/03-basic-impulse.md
computational,4,emotion-complex,magenta,complete,cells/computational/04-emotion-complex.md
computational,5,sensory-motor,red,complete,cells/computational/05-sensory-motor.md
computational,6,nominal-rule,amber,complete,cells/computational/06-nominal-rule.md
computational,7,sentential-faith,amber,complete,cells/computational/07-sentential-faith.md
computational,8,preoperational,green,complete,cells/computational/08-preoperational.md
computational,9,primary-modern,amber,complete,cells/computational/09-primary-modern.md
computational,10,concrete-peak,orange,complete,cells/computational/10-concrete-peak.md
computational,11,abstract-emerge,orange,complete,cells/computational/11-abstract-emerge.md
computational,12,formal-landmark,teal,complete,cells/computational/12-formal-landmark.md
computational,13,systematic-green,teal,complete,cells/computational/13-systematic-green.md
computational,14,metasystematic-teal,turquoise,complete,cells/computational/14-metasystematic-teal.md
computational,15,paradigmatic-turq,turquoise,complete,cells/computational/15-paradigmatic-turq.md
computational,16,cross-paradigmatic,violet,complete,cells/computational/16-cross-paradigmatic.md
computational,17,meta-cross-violet,violet,complete,cells/computational/17-meta-cross-violet.md
consciousness-state,1,prehension,infrared,complete,cells/consciousness-state/01-prehension.md
consciousness-state,2,irritability,infrared,complete,cells/consciousness-state/02-irritability.md
consciousness-state,3,basic-impulse,magenta,complete,cells/consciousness-state/03-basic-impulse.md
consciousness-state,4,emotion-complex,red,complete,cells/consciousness-state/04-emotion-complex.md
consciousness-state,5,sensory-motor,red,complete,cells/consciousness-state/05-sensory-motor.md
consciousness-state,6,nominal-rule,amber,complete,cells/consciousness-state/06-nominal-rule.md
consciousness-state,7,sentential-faith,amber,complete,cells/consciousness-state/07-sentential-faith.md
consciousness-state,8,preoperational,amber,complete,cells/consciousness-state/08-preoperational.md
consciousness-state,9,primary-modern,amber,complete,cells/consciousness-state/09-primary-modern.md
consciousness-state,10,concrete-peak,amber,complete,cells/consciousness-state/10-concrete-peak.md
consciousness-state,11,abstract-emerge,orange,complete,cells/consciousness-state/11-abstract-emerge.md
consciousness-state,12,formal-landmark,orange,complete,cells/consciousness-state/12-formal-landmark.md
consciousness-state,13,systematic-green,green,complete,cells/consciousness-state/13-systematic-green.md
consciousness-state,14,metasystematic-teal,teal,complete,cells/consciousness-state/14-metasystematic-teal.md
consciousness-state,15,paradigmatic-turq,turquoise,complete,cells/consciousness-state/15-paradigmatic-turq.md
consciousness-state,16,cross-paradigmatic,indigo,complete,cells/consciousness-state/16-cross-paradigmatic.md
consciousness-state,17,meta-cross-violet,violet,complete,cells/consciousness-state/17-meta-cross-violet.md
craft-skill,1,prehension,infrared,complete,cells/craft-skill/01-prehension.md
craft-skill,2,irritability,infrared,complete,cells/craft-skill/02-irritability.md
craft-skill,3,basic-impulse,magenta,complete,cells/craft-skill/03-basic-impulse.md
craft-skill,4,emotion-complex,red,complete,cells/craft-skill/04-emotion-complex.md
craft-skill,5,sensory-motor,red,complete,cells/craft-skill/05-sensory-motor.md
craft-skill,6,nominal-rule,amber,complete,cells/craft-skill/06-nominal-rule.md
craft-skill,7,sentential-faith,amber,complete,cells/craft-skill/07-sentential-faith.md
craft-skill,8,preoperational,amber,complete,cells/craft-skill/08-preoperational.md
craft-skill,9,primary-modern,amber,complete,cells/craft-skill/09-primary-modern.md
craft-skill,10,concrete-peak,amber,complete,cells/craft-skill/10-concrete-peak.md
craft-skill,11,abstract-emerge,orange,complete,cells/craft-skill/11-abstract-emerge.md
craft-skill,12,formal-landmark,orange,complete,cells/craft-skill/12-formal-landmark.md
craft-skill,13,systematic-green,green,complete,cells/craft-skill/13-systematic-green.md
craft-skill,14,metasystematic-teal,teal,complete,cells/craft-skill/14-metasystematic-teal.md
craft-skill,15,paradigmatic-turq,turquoise,complete,cells/craft-skill/15-paradigmatic-turq.md
craft-skill,16,cross-paradigmatic,indigo,complete,cells/craft-skill/16-cross-paradigmatic.md
craft-skill,17,meta-cross-violet,violet,complete,cells/craft-skill/17-meta-cross-violet.md
culture,1,prehension,infrared,complete,cells/culture/01-prehension.md
culture,2,irritability,infrared,complete,cells/culture/02-irritability.md
culture,3,basic-impulse,magenta,complete,cells/culture/03-basic-impulse.md
culture,4,emotion-complex,red,complete,cells/culture/04-emotion-complex.md
culture,5,sensory-motor,red,complete,cells/culture/05-sensory-motor.md
culture,6,nominal-rule,amber,complete,cells/culture/06-nominal-rule.md
culture,7,sentential-faith,amber,complete,cells/culture/07-sentential-faith.md
culture,8,preoperational,amber,complete,cells/culture/08-preoperational.md
culture,9,primary-modern,amber,complete,cells/culture/09-primary-modern.md
culture,10,concrete-peak,amber,complete,cells/culture/10-concrete-peak.md
culture,11,abstract-emerge,orange,complete,cells/culture/11-abstract-emerge.md
culture,12,formal-landmark,orange,complete,cells/culture/12-formal-landmark.md
culture,13,systematic-green,green,complete,cells/culture/13-systematic-green.md
culture,14,metasystematic-teal,teal,complete,cells/culture/14-metasystematic-teal.md
culture,15,paradigmatic-turq,turquoise,complete,cells/culture/15-paradigmatic-turq.md
culture,16,cross-paradigmatic,indigo,complete,cells/culture/16-cross-paradigmatic.md
culture,17,meta-cross-violet,violet,complete,cells/culture/17-meta-cross-violet.md
developmental,1,prehension,infrared,complete,cells/developmental/01-prehension.md
developmental,2,irritability,infrared,complete,cells/developmental/02-irritability.md
developmental,3,basic-impulse,magenta,complete,cells/developmental/03-basic-impulse.md
developmental,4,emotion-complex,red,complete,cells/developmental/04-emotion-complex.md
developmental,5,sensory-motor,red,complete,cells/developmental/05-sensory-motor.md
developmental,6,nominal-rule,amber,complete,cells/developmental/06-nominal-rule.md
developmental,7,sentential-faith,amber,complete,cells/developmental/07-sentential-faith.md
developmental,8,preoperational,amber,complete,cells/developmental/08-preoperational.md
developmental,9,primary-modern,amber,complete,cells/developmental/09-primary-modern.md
developmental,10,concrete-peak,amber,complete,cells/developmental/10-concrete-peak.md
developmental,11,abstract-emerge,orange,complete,cells/developmental/11-abstract-emerge.md
developmental,12,formal-landmark,orange,complete,cells/developmental/12-formal-landmark.md
developmental,13,systematic-green,green,complete,cells/developmental/13-systematic-green.md
developmental,14,metasystematic-teal,teal,complete,cells/developmental/14-metasystematic-teal.md
developmental,15,paradigmatic-turq,turquoise,complete,cells/developmental/15-paradigmatic-turq.md
developmental,16,cross-paradigmatic,indigo,complete,cells/developmental/16-cross-paradigmatic.md
developmental,17,meta-cross-violet,violet,complete,cells/developmental/17-meta-cross-violet.md
digital-tool,1,prehension,infrared,complete,cells/digital-tool/01-prehension.md
digital-tool,2,irritability,infrared,complete,cells/digital-tool/02-irritability.md
digital-tool,3,basic-impulse,infrared,complete,cells/digital-tool/03-basic-impulse.md
digital-tool,4,emotion-complex,magenta,complete,cells/digital-tool/04-emotion-complex.md
digital-tool,5,sensory-motor,red,complete,cells/digital-tool/05-sensory-motor.md
digital-tool,6,nominal-rule,amber,complete,cells/digital-tool/06-nominal-rule.md
digital-tool,7,sentential-faith,amber,complete,cells/digital-tool/07-sentential-faith.md
digital-tool,8,preoperational,green,complete,cells/digital-tool/08-preoperational.md
digital-tool,9,primary-modern,amber,complete,cells/digital-tool/09-primary-modern.md
digital-tool,10,concrete-peak,orange,complete,cells/digital-tool/10-concrete-peak.md
digital-tool,11,abstract-emerge,orange,complete,cells/digital-tool/11-abstract-emerge.md
digital-tool,12,formal-landmark,teal,complete,cells/digital-tool/12-formal-landmark.md
digital-tool,13,systematic-green,teal,complete,cells/digital-tool/13-systematic-green.md
digital-tool,14,metasystematic-teal,turquoise,complete,cells/digital-tool/14-metasystematic-teal.md
digital-tool,15,paradigmatic-turq,turquoise,complete,cells/digital-tool/15-paradigmatic-turq.md
digital-tool,16,cross-paradigmatic,violet,complete,cells/digital-tool/16-cross-paradigmatic.md
digital-tool,17,meta-cross-violet,violet,complete,cells/digital-tool/17-meta-cross-violet.md
economic-systems,1,prehension,infrared,complete,cells/economic-systems/01-prehension.md
economic-systems,2,irritability,infrared,complete,cells/economic-systems/02-irritability.md
economic-systems,3,basic-impulse,magenta,complete,cells/economic-systems/03-basic-impulse.md
economic-systems,4,emotion-complex,red,complete,cells/economic-systems/04-emotion-complex.md
economic-systems,5,sensory-motor,red,complete,cells/economic-systems/05-sensory-motor.md
economic-systems,6,nominal-rule,amber,complete,cells/economic-systems/06-nominal-rule.md
economic-systems,7,sentential-faith,amber,complete,cells/economic-systems/07-sentential-faith.md
economic-systems,8,preoperational,amber,complete,cells/economic-systems/08-preoperational.md
economic-systems,9,primary-modern,amber,complete,cells/economic-systems/09-primary-modern.md
economic-systems,10,concrete-peak,amber,complete,cells/economic-systems/10-concrete-peak.md
economic-systems,11,abstract-emerge,orange,complete,cells/economic-systems/11-abstract-emerge.md
economic-systems,12,formal-landmark,orange,complete,cells/economic-systems/12-formal-landmark.md
economic-systems,13,systematic-green,green,complete,cells/economic-systems/13-systematic-green.md
economic-systems,14,metasystematic-teal,teal,complete,cells/economic-systems/14-metasystematic-teal.md
economic-systems,15,paradigmatic-turq,turquoise,complete,cells/economic-systems/15-paradigmatic-turq.md
economic-systems,16,cross-paradigmatic,indigo,complete,cells/economic-systems/16-cross-paradigmatic.md
economic-systems,17,meta-cross-violet,violet,complete,cells/economic-systems/17-meta-cross-violet.md
education,1,prehension,infrared,complete,cells/education/01-prehension.md
education,2,irritability,infrared,complete,cells/education/02-irritability.md
education,3,basic-impulse,magenta,complete,cells/education/03-basic-impulse.md
education,4,emotion-complex,red,complete,cells/education/04-emotion-complex.md
education,5,sensory-motor,red,complete,cells/education/05-sensory-motor.md
education,6,nominal-rule,amber,complete,cells/education/06-nominal-rule.md
education,7,sentential-faith,amber,complete,cells/education/07-sentential-faith.md
education,8,preoperational,amber,complete,cells/education/08-preoperational.md
education,9,primary-modern,amber,complete,cells/education/09-primary-modern.md
education,10,concrete-peak,amber,complete,cells/education/10-concrete-peak.md
education,11,abstract-emerge,orange,complete,cells/education/11-abstract-emerge.md
education,12,formal-landmark,orange,complete,cells/education/12-formal-landmark.md
education,13,systematic-green,green,complete,cells/education/13-systematic-green.md
education,14,metasystematic-teal,teal,complete,cells/education/14-metasystematic-teal.md
education,15,paradigmatic-turq,turquoise,complete,cells/education/15-paradigmatic-turq.md
education,16,cross-paradigmatic,indigo,complete,cells/education/16-cross-paradigmatic.md
education,17,meta-cross-violet,violet,complete,cells/education/17-meta-cross-violet.md
emotional-interpersonal,1,prehension,infrared,complete,cells/emotional-interpersonal/01-prehension.md
emotional-interpersonal,2,irritability,infrared,complete,cells/emotional-interpersonal/02-irritability.md
emotional-interpersonal,3,basic-impulse,infrared,complete,cells/emotional-interpersonal/03-basic-impulse.md
emotional-interpersonal,4,emotion-complex,magenta,complete,cells/emotional-interpersonal/04-emotion-complex.md
emotional-interpersonal,5,sensory-motor,red,complete,cells/emotional-interpersonal/05-sensory-motor.md
emotional-interpersonal,6,nominal-rule,amber,complete,cells/emotional-interpersonal/06-nominal-rule.md
emotional-interpersonal,7,sentential-faith,amber,complete,cells/emotional-interpersonal/07-sentential-faith.md
emotional-interpersonal,8,preoperational,green,complete,cells/emotional-interpersonal/08-preoperational.md
emotional-interpersonal,9,primary-modern,amber,complete,cells/emotional-interpersonal/09-primary-modern.md
emotional-interpersonal,10,concrete-peak,orange,complete,cells/emotional-interpersonal/10-concrete-peak.md
emotional-interpersonal,11,abstract-emerge,orange,complete,cells/emotional-interpersonal/11-abstract-emerge.md
emotional-interpersonal,12,formal-landmark,teal,complete,cells/emotional-interpersonal/12-formal-landmark.md
emotional-interpersonal,13,systematic-green,teal,complete,cells/emotional-interpersonal/13-systematic-green.md
emotional-interpersonal,14,metasystematic-teal,turquoise,complete,cells/emotional-interpersonal/14-metasystematic-teal.md
emotional-interpersonal,15,paradigmatic-turq,turquoise,complete,cells/emotional-interpersonal/15-paradigmatic-turq.md
emotional-interpersonal,16,cross-paradigmatic,violet,complete,cells/emotional-interpersonal/16-cross-paradigmatic.md
emotional-interpersonal,17,meta-cross-violet,violet,complete,cells/emotional-interpersonal/17-meta-cross-violet.md
environmental,1,prehension,infrared,complete,cells/environmental/01-prehension.md
environmental,2,irritability,infrared,complete,cells/environmental/02-irritability.md
environmental,3,basic-impulse,magenta,complete,cells/environmental/03-basic-impulse.md
environmental,4,emotion-complex,red,complete,cells/environmental/04-emotion-complex.md
environmental,5,sensory-motor,red,complete,cells/environmental/05-sensory-motor.md
environmental,6,nominal-rule,amber,complete,cells/environmental/06-nominal-rule.md
environmental,7,sentential-faith,amber,complete,cells/environmental/07-sentential-faith.md
environmental,8,preoperational,amber,complete,cells/environmental/08-preoperational.md
environmental,9,primary-modern,amber,complete,cells/environmental/09-primary-modern.md
environmental,10,concrete-peak,amber,complete,cells/environmental/10-concrete-peak.md
environmental,11,abstract-emerge,orange,complete,cells/environmental/11-abstract-emerge.md
environmental,12,formal-landmark,orange,complete,cells/environmental/12-formal-landmark.md
environmental,13,systematic-green,green,complete,cells/environmental/13-systematic-green.md
environmental,14,metasystematic-teal,teal,complete,cells/environmental/14-metasystematic-teal.md
environmental,15,paradigmatic-turq,turquoise,complete,cells/environmental/15-paradigmatic-turq.md
environmental,16,cross-paradigmatic,indigo,complete,cells/environmental/16-cross-paradigmatic.md
environmental,17,meta-cross-violet,violet,complete,cells/environmental/17-meta-cross-violet.md
epistemic,1,prehension,infrared,complete,cells/epistemic/01-prehension.md
epistemic,2,irritability,infrared,complete,cells/epistemic/02-irritability.md
epistemic,3,basic-impulse,magenta,complete,cells/epistemic/03-basic-impulse.md
epistemic,4,emotion-complex,red,complete,cells/epistemic/04-emotion-complex.md
epistemic,5,sensory-motor,red,complete,cells/epistemic/05-sensory-motor.md
epistemic,6,nominal-rule,amber,complete,cells/epistemic/06-nominal-rule.md
epistemic,7,sentential-faith,amber,complete,cells/epistemic/07-sentential-faith.md
epistemic,8,preoperational,amber,complete,cells/epistemic/08-preoperational.md
epistemic,9,primary-modern,amber,complete,cells/epistemic/09-primary-modern.md
epistemic,10,concrete-peak,amber,complete,cells/epistemic/10-concrete-peak.md
epistemic,11,abstract-emerge,orange,complete,cells/epistemic/11-abstract-emerge.md
epistemic,12,formal-landmark,orange,complete,cells/epistemic/12-formal-landmark.md
epistemic,13,systematic-green,green,complete,cells/epistemic/13-systematic-green.md
epistemic,14,metasystematic-teal,teal,complete,cells/epistemic/14-metasystematic-teal.md
epistemic,15,paradigmatic-turq,turquoise,complete,cells/epistemic/15-paradigmatic-turq.md
epistemic,16,cross-paradigmatic,indigo,complete,cells/epistemic/16-cross-paradigmatic.md
epistemic,17,meta-cross-violet,violet,complete,cells/epistemic/17-meta-cross-violet.md
ethics-relational,1,prehension,infrared,complete,cells/ethics-relational/01-prehension.md
ethics-relational,2,irritability,infrared,complete,cells/ethics-relational/02-irritability.md
ethics-relational,3,basic-impulse,infrared,complete,cells/ethics-relational/03-basic-impulse.md
ethics-relational,4,emotion-complex,magenta,complete,cells/ethics-relational/04-emotion-complex.md
ethics-relational,5,sensory-motor,red,complete,cells/ethics-relational/05-sensory-motor.md
ethics-relational,6,nominal-rule,amber,complete,cells/ethics-relational/06-nominal-rule.md
ethics-relational,7,sentential-faith,amber,complete,cells/ethics-relational/07-sentential-faith.md
ethics-relational,8,preoperational,green,complete,cells/ethics-relational/08-preoperational.md
ethics-relational,9,primary-modern,amber,complete,cells/ethics-relational/09-primary-modern.md
ethics-relational,10,concrete-peak,orange,complete,cells/ethics-relational/10-concrete-peak.md
ethics-relational,11,abstract-emerge,orange,complete,cells/ethics-relational/11-abstract-emerge.md
ethics-relational,12,formal-landmark,teal,complete,cells/ethics-relational/12-formal-landmark.md
ethics-relational,13,systematic-green,teal,complete,cells/ethics-relational/13-systematic-green.md
ethics-relational,14,metasystematic-teal,turquoise,complete,cells/ethics-relational/14-metasystematic-teal.md
ethics-relational,15,paradigmatic-turq,turquoise,complete,cells/ethics-relational/15-paradigmatic-turq.md
ethics-relational,16,cross-paradigmatic,violet,complete,cells/ethics-relational/16-cross-paradigmatic.md
ethics-relational,17,meta-cross-violet,violet,complete,cells/ethics-relational/17-meta-cross-violet.md
framework-complexity,1,prehension,infrared,complete,cells/framework-complexity/01-prehension.md
framework-complexity,2,irritability,infrared,complete,cells/framework-complexity/02-irritability.md
framework-complexity,3,basic-impulse,magenta,complete,cells/framework-complexity/03-basic-impulse.md
framework-complexity,4,emotion-complex,red,complete,cells/framework-complexity/04-emotion-complex.md
framework-complexity,5,sensory-motor,red,complete,cells/framework-complexity/05-sensory-motor.md
framework-complexity,6,nominal-rule,amber,complete,cells/framework-complexity/06-nominal-rule.md
framework-complexity,7,sentential-faith,amber,complete,cells/framework-complexity/07-sentential-faith.md
framework-complexity,8,preoperational,amber,complete,cells/framework-complexity/08-preoperational.md
framework-complexity,9,primary-modern,amber,complete,cells/framework-complexity/09-primary-modern.md
framework-complexity,10,concrete-peak,amber,complete,cells/framework-complexity/10-concrete-peak.md
framework-complexity,11,abstract-emerge,orange,complete,cells/framework-complexity/11-abstract-emerge.md
framework-complexity,12,formal-landmark,orange,complete,cells/framework-complexity/12-formal-landmark.md
framework-complexity,13,systematic-green,green,complete,cells/framework-complexity/13-systematic-green.md
framework-complexity,14,metasystematic-teal,teal,complete,cells/framework-complexity/14-metasystematic-teal.md
framework-complexity,15,paradigmatic-turq,turquoise,complete,cells/framework-complexity/15-paradigmatic-turq.md
framework-complexity,16,cross-paradigmatic,indigo,complete,cells/framework-complexity/16-cross-paradigmatic.md
framework-complexity,17,meta-cross-violet,violet,complete,cells/framework-complexity/17-meta-cross-violet.md
gender-studies,1,prehension,infrared,complete,cells/gender-studies/01-prehension.md
gender-studies,2,irritability,infrared,complete,cells/gender-studies/02-irritability.md
gender-studies,3,basic-impulse,magenta,complete,cells/gender-studies/03-basic-impulse.md
gender-studies,4,emotion-complex,red,complete,cells/gender-studies/04-emotion-complex.md
gender-studies,5,sensory-motor,red,complete,cells/gender-studies/05-sensory-motor.md
gender-studies,6,nominal-rule,amber,complete,cells/gender-studies/06-nominal-rule.md
gender-studies,7,sentential-faith,amber,complete,cells/gender-studies/07-sentential-faith.md
gender-studies,8,preoperational,amber,complete,cells/gender-studies/08-preoperational.md
gender-studies,9,primary-modern,amber,complete,cells/gender-studies/09-primary-modern.md
gender-studies,10,concrete-peak,amber,complete,cells/gender-studies/10-concrete-peak.md
gender-studies,11,abstract-emerge,orange,complete,cells/gender-studies/11-abstract-emerge.md
gender-studies,12,formal-landmark,orange,complete,cells/gender-studies/12-formal-landmark.md
gender-studies,13,systematic-green,green,complete,cells/gender-studies/13-systematic-green.md
gender-studies,14,metasystematic-teal,teal,complete,cells/gender-studies/14-metasystematic-teal.md
gender-studies,15,paradigmatic-turq,turquoise,complete,cells/gender-studies/15-paradigmatic-turq.md
gender-studies,16,cross-paradigmatic,indigo,complete,cells/gender-studies/16-cross-paradigmatic.md
gender-studies,17,meta-cross-violet,violet,complete,cells/gender-studies/17-meta-cross-violet.md
governance,1,prehension,infrared,complete,cells/governance/01-prehension.md
governance,2,irritability,infrared,complete,cells/governance/02-irritability.md
governance,3,basic-impulse,magenta,complete,cells/governance/03-basic-impulse.md
governance,4,emotion-complex,red,complete,cells/governance/04-emotion-complex.md
governance,5,sensory-motor,red,complete,cells/governance/05-sensory-motor.md
governance,6,nominal-rule,amber,complete,cells/governance/06-nominal-rule.md
governance,7,sentential-faith,amber,complete,cells/governance/07-sentential-faith.md
governance,8,preoperational,amber,complete,cells/governance/08-preoperational.md
governance,9,primary-modern,amber,complete,cells/governance/09-primary-modern.md
governance,10,concrete-peak,amber,complete,cells/governance/10-concrete-peak.md
governance,11,abstract-emerge,orange,complete,cells/governance/11-abstract-emerge.md
governance,12,formal-landmark,orange,complete,cells/governance/12-formal-landmark.md
governance,13,systematic-green,green,complete,cells/governance/13-systematic-green.md
governance,14,metasystematic-teal,teal,complete,cells/governance/14-metasystematic-teal.md
governance,15,paradigmatic-turq,turquoise,complete,cells/governance/15-paradigmatic-turq.md
governance,16,cross-paradigmatic,indigo,complete,cells/governance/16-cross-paradigmatic.md
governance,17,meta-cross-violet,violet,complete,cells/governance/17-meta-cross-violet.md
health,1,prehension,infrared,complete,cells/health/01-prehension.md
health,2,irritability,infrared,complete,cells/health/02-irritability.md
health,3,basic-impulse,magenta,complete,cells/health/03-basic-impulse.md
health,4,emotion-complex,red,complete,cells/health/04-emotion-complex.md
health,5,sensory-motor,red,complete,cells/health/05-sensory-motor.md
health,6,nominal-rule,amber,complete,cells/health/06-nominal-rule.md
health,7,sentential-faith,amber,complete,cells/health/07-sentential-faith.md
health,8,preoperational,amber,complete,cells/health/08-preoperational.md
health,9,primary-modern,amber,complete,cells/health/09-primary-modern.md
health,10,concrete-peak,amber,complete,cells/health/10-concrete-peak.md
health,11,abstract-emerge,orange,complete,cells/health/11-abstract-emerge.md
health,12,formal-landmark,orange,complete,cells/health/12-formal-landmark.md
health,13,systematic-green,green,complete,cells/health/13-systematic-green.md
health,14,metasystematic-teal,teal,complete,cells/health/14-metasystematic-teal.md
health,15,paradigmatic-turq,turquoise,complete,cells/health/15-paradigmatic-turq.md
health,16,cross-paradigmatic,indigo,complete,cells/health/16-cross-paradigmatic.md
health,17,meta-cross-violet,violet,complete,cells/health/17-meta-cross-violet.md
hierarchical-complexity,1,prehension,infrared,complete,cells/hierarchical-complexity/01-prehension.md
hierarchical-complexity,2,irritability,infrared,complete,cells/hierarchical-complexity/02-irritability.md
hierarchical-complexity,3,basic-impulse,infrared,complete,cells/hierarchical-complexity/03-basic-impulse.md
hierarchical-complexity,4,emotion-complex,magenta,complete,cells/hierarchical-complexity/04-emotion-complex.md
hierarchical-complexity,5,sensory-motor,red,complete,cells/hierarchical-complexity/05-sensory-motor.md
hierarchical-complexity,6,nominal-rule,amber,complete,cells/hierarchical-complexity/06-nominal-rule.md
hierarchical-complexity,7,sentential-faith,amber,complete,cells/hierarchical-complexity/07-sentential-faith.md
hierarchical-complexity,8,preoperational,green,complete,cells/hierarchical-complexity/08-preoperational.md
hierarchical-complexity,9,primary-modern,amber,complete,cells/hierarchical-complexity/09-primary-modern.md
hierarchical-complexity,10,concrete-peak,orange,complete,cells/hierarchical-complexity/10-concrete-peak.md
hierarchical-complexity,11,abstract-emerge,orange,complete,cells/hierarchical-complexity/11-abstract-emerge.md
hierarchical-complexity,12,formal-landmark,teal,complete,cells/hierarchical-complexity/12-formal-landmark.md
hierarchical-complexity,13,systematic-green,teal,complete,cells/hierarchical-complexity/13-systematic-green.md
hierarchical-complexity,14,metasystematic-teal,turquoise,complete,cells/hierarchical-complexity/14-metasystematic-teal.md
hierarchical-complexity,15,paradigmatic-turq,turquoise,complete,cells/hierarchical-complexity/15-paradigmatic-turq.md
hierarchical-complexity,15,paradigmatic-turquoise,turquoise,complete,cells/hierarchical-complexity/15-paradigmatic-turquoise.md
hierarchical-complexity,16,cross-paradigmatic,violet,complete,cells/hierarchical-complexity/16-cross-paradigmatic.md
hierarchical-complexity,17,meta-cross-violet,violet,complete,cells/hierarchical-complexity/17-meta-cross-violet.md
intrapersonal,1,prehension,infrared,complete,cells/intrapersonal/01-prehension.md
intrapersonal,2,irritability,infrared,complete,cells/intrapersonal/02-irritability.md
intrapersonal,3,basic-impulse,magenta,complete,cells/intrapersonal/03-basic-impulse.md
intrapersonal,4,emotion-complex,red,complete,cells/intrapersonal/04-emotion-complex.md
intrapersonal,5,sensory-motor,red,complete,cells/intrapersonal/05-sensory-motor.md
intrapersonal,6,nominal-rule,amber,complete,cells/intrapersonal/06-nominal-rule.md
intrapersonal,7,sentential-faith,amber,complete,cells/intrapersonal/07-sentential-faith.md
intrapersonal,8,preoperational,amber,complete,cells/intrapersonal/08-preoperational.md
intrapersonal,9,primary-modern,amber,complete,cells/intrapersonal/09-primary-modern.md
intrapersonal,10,concrete-peak,amber,complete,cells/intrapersonal/10-concrete-peak.md
intrapersonal,11,abstract-emerge,orange,complete,cells/intrapersonal/11-abstract-emerge.md
intrapersonal,12,formal-landmark,orange,complete,cells/intrapersonal/12-formal-landmark.md
intrapersonal,13,systematic-green,green,complete,cells/intrapersonal/13-systematic-green.md
intrapersonal,14,metasystematic-teal,teal,complete,cells/intrapersonal/14-metasystematic-teal.md
intrapersonal,15,paradigmatic-turq,turquoise,complete,cells/intrapersonal/15-paradigmatic-turq.md
intrapersonal,16,cross-paradigmatic,indigo,complete,cells/intrapersonal/16-cross-paradigmatic.md
intrapersonal,17,meta-cross-violet,violet,complete,cells/intrapersonal/17-meta-cross-violet.md
justice,1,prehension,infrared,complete,cells/justice/01-prehension.md
justice,2,irritability,infrared,complete,cells/justice/02-irritability.md
justice,3,basic-impulse,magenta,complete,cells/justice/03-basic-impulse.md
justice,4,emotion-complex,red,complete,cells/justice/04-emotion-complex.md
justice,5,sensory-motor,red,complete,cells/justice/05-sensory-motor.md
justice,6,nominal-rule,amber,complete,cells/justice/06-nominal-rule.md
justice,7,sentential-faith,amber,complete,cells/justice/07-sentential-faith.md
justice,8,preoperational,amber,complete,cells/justice/08-preoperational.md
justice,9,primary-modern,amber,complete,cells/justice/09-primary-modern.md
justice,10,concrete-peak,amber,complete,cells/justice/10-concrete-peak.md
justice,11,abstract-emerge,orange,complete,cells/justice/11-abstract-emerge.md
justice,12,formal-landmark,orange,complete,cells/justice/12-formal-landmark.md
justice,13,systematic-green,green,complete,cells/justice/13-systematic-green.md
justice,14,metasystematic-teal,teal,complete,cells/justice/14-metasystematic-teal.md
justice,15,paradigmatic-turq,turquoise,complete,cells/justice/15-paradigmatic-turq.md
justice,16,cross-paradigmatic,indigo,complete,cells/justice/16-cross-paradigmatic.md
justice,17,meta-cross-violet,violet,complete,cells/justice/17-meta-cross-violet.md
kinesthetic,1,prehension,infrared,complete,cells/kinesthetic/01-prehension.md
kinesthetic,2,irritability,infrared,complete,cells/kinesthetic/02-irritability.md
kinesthetic,3,basic-impulse,magenta,complete,cells/kinesthetic/03-basic-impulse.md
kinesthetic,4,emotion-complex,red,complete,cells/kinesthetic/04-emotion-complex.md
kinesthetic,5,sensory-motor,red,complete,cells/kinesthetic/05-sensory-motor.md
kinesthetic,6,nominal-rule,amber,complete,cells/kinesthetic/06-nominal-rule.md
kinesthetic,7,sentential-faith,amber,complete,cells/kinesthetic/07-sentential-faith.md
kinesthetic,8,preoperational,amber,complete,cells/kinesthetic/08-preoperational.md
kinesthetic,9,primary-modern,amber,complete,cells/kinesthetic/09-primary-modern.md
kinesthetic,10,concrete-peak,amber,complete,cells/kinesthetic/10-concrete-peak.md
kinesthetic,11,abstract-emerge,orange,complete,cells/kinesthetic/11-abstract-emerge.md
kinesthetic,12,formal-landmark,orange,complete,cells/kinesthetic/12-formal-landmark.md
kinesthetic,13,systematic-green,green,complete,cells/kinesthetic/13-systematic-green.md
kinesthetic,14,metasystematic-teal,teal,complete,cells/kinesthetic/14-metasystematic-teal.md
kinesthetic,15,paradigmatic-turq,turquoise,complete,cells/kinesthetic/15-paradigmatic-turq.md
kinesthetic,16,cross-paradigmatic,indigo,complete,cells/kinesthetic/16-cross-paradigmatic.md
kinesthetic,17,meta-cross-violet,violet,complete,cells/kinesthetic/17-meta-cross-violet.md
knowledge-systems,1,prehension,infrared,complete,cells/knowledge-systems/01-prehension.md
knowledge-systems,2,irritability,infrared,complete,cells/knowledge-systems/02-irritability.md
knowledge-systems,3,basic-impulse,infrared,complete,cells/knowledge-systems/03-basic-impulse.md
knowledge-systems,4,emotion-complex,magenta,complete,cells/knowledge-systems/04-emotion-complex.md
knowledge-systems,5,sensory-motor,red,complete,cells/knowledge-systems/05-sensory-motor.md
knowledge-systems,6,nominal-rule,amber,complete,cells/knowledge-systems/06-nominal-rule.md
knowledge-systems,7,sentential-faith,amber,complete,cells/knowledge-systems/07-sentential-faith.md
knowledge-systems,8,preoperational,green,complete,cells/knowledge-systems/08-preoperational.md
knowledge-systems,9,primary-modern,amber,complete,cells/knowledge-systems/09-primary-modern.md
knowledge-systems,10,concrete-peak,orange,complete,cells/knowledge-systems/10-concrete-peak.md
knowledge-systems,11,abstract-emerge,orange,complete,cells/knowledge-systems/11-abstract-emerge.md
knowledge-systems,12,formal-landmark,teal,complete,cells/knowledge-systems/12-formal-landmark.md
knowledge-systems,13,systematic-green,teal,complete,cells/knowledge-systems/13-systematic-green.md
knowledge-systems,14,metasystematic-teal,turquoise,complete,cells/knowledge-systems/14-metasystematic-teal.md
knowledge-systems,15,paradigmatic-turq,turquoise,complete,cells/knowledge-systems/15-paradigmatic-turq.md
knowledge-systems,15,paradigmatic-turquoise,turquoise,complete,cells/knowledge-systems/15-paradigmatic-turquoise.md
knowledge-systems,16,cross-paradigmatic,violet,complete,cells/knowledge-systems/16-cross-paradigmatic.md
knowledge-systems,17,meta-cross-violet,violet,complete,cells/knowledge-systems/17-meta-cross-violet.md
linguistic,1,prehension,infrared,complete,cells/linguistic/01-prehension.md
linguistic,2,irritability,infrared,complete,cells/linguistic/02-irritability.md
linguistic,3,basic-impulse,magenta,complete,cells/linguistic/03-basic-impulse.md
linguistic,4,emotion-complex,red,complete,cells/linguistic/04-emotion-complex.md
linguistic,5,sensory-motor,red,complete,cells/linguistic/05-sensory-motor.md
linguistic,6,nominal-rule,amber,complete,cells/linguistic/06-nominal-rule.md
linguistic,7,sentential-faith,amber,complete,cells/linguistic/07-sentential-faith.md
linguistic,8,preoperational,amber,complete,cells/linguistic/08-preoperational.md
linguistic,9,primary-modern,amber,complete,cells/linguistic/09-primary-modern.md
linguistic,10,concrete-peak,amber,complete,cells/linguistic/10-concrete-peak.md
linguistic,11,abstract-emerge,orange,complete,cells/linguistic/11-abstract-emerge.md
linguistic,12,formal-landmark,orange,complete,cells/linguistic/12-formal-landmark.md
linguistic,13,systematic-green,green,complete,cells/linguistic/13-systematic-green.md
linguistic,14,metasystematic-teal,teal,complete,cells/linguistic/14-metasystematic-teal.md
linguistic,15,paradigmatic-turq,turquoise,complete,cells/linguistic/15-paradigmatic-turq.md
linguistic,16,cross-paradigmatic,indigo,complete,cells/linguistic/16-cross-paradigmatic.md
linguistic,17,meta-cross-violet,violet,complete,cells/linguistic/17-meta-cross-violet.md
mathematical,1,prehension,infrared,complete,cells/mathematical/01-prehension.md
mathematical,2,irritability,infrared,complete,cells/mathematical/02-irritability.md
mathematical,3,basic-impulse,magenta,complete,cells/mathematical/03-basic-impulse.md
mathematical,4,emotion-complex,red,complete,cells/mathematical/04-emotion-complex.md
mathematical,5,sensory-motor,red,complete,cells/mathematical/05-sensory-motor.md
mathematical,6,nominal-rule,amber,complete,cells/mathematical/06-nominal-rule.md
mathematical,7,sentential-faith,amber,complete,cells/mathematical/07-sentential-faith.md
mathematical,8,preoperational,amber,complete,cells/mathematical/08-preoperational.md
mathematical,9,primary-modern,amber,complete,cells/mathematical/09-primary-modern.md
mathematical,10,concrete-peak,amber,complete,cells/mathematical/10-concrete-peak.md
mathematical,11,abstract-emerge,orange,complete,cells/mathematical/11-abstract-emerge.md
mathematical,12,formal-landmark,orange,complete,cells/mathematical/12-formal-landmark.md
mathematical,13,systematic-green,green,complete,cells/mathematical/13-systematic-green.md
mathematical,14,metasystematic-teal,teal,complete,cells/mathematical/14-metasystematic-teal.md
mathematical,15,paradigmatic-turq,turquoise,complete,cells/mathematical/15-paradigmatic-turq.md
mathematical,16,cross-paradigmatic,indigo,complete,cells/mathematical/16-cross-paradigmatic.md
mathematical,17,meta-cross-violet,violet,complete,cells/mathematical/17-meta-cross-violet.md
meaning,1,prehension,infrared,complete,cells/meaning/01-prehension.md
meaning,2,irritability,infrared,complete,cells/meaning/02-irritability.md
meaning,3,basic-impulse,infrared,complete,cells/meaning/03-basic-impulse.md
meaning,4,emotion-complex,magenta,complete,cells/meaning/04-emotion-complex.md
meaning,5,sensory-motor,red,complete,cells/meaning/05-sensory-motor.md
meaning,6,nominal-rule,amber,complete,cells/meaning/06-nominal-rule.md
meaning,7,sentential-faith,amber,complete,cells/meaning/07-sentential-faith.md
meaning,8,preoperational,green,complete,cells/meaning/08-preoperational.md
meaning,9,primary-modern,amber,complete,cells/meaning/09-primary-modern.md
meaning,10,concrete-peak,orange,complete,cells/meaning/10-concrete-peak.md
meaning,11,abstract-emerge,orange,complete,cells/meaning/11-abstract-emerge.md
meaning,12,formal-landmark,teal,complete,cells/meaning/12-formal-landmark.md
meaning,13,systematic-green,teal,complete,cells/meaning/13-systematic-green.md
meaning,14,metasystematic-teal,turquoise,complete,cells/meaning/14-metasystematic-teal.md
meaning,15,paradigmatic-turq,turquoise,complete,cells/meaning/15-paradigmatic-turq.md
meaning,15,paradigmatic-turquoise,turquoise,complete,cells/meaning/15-paradigmatic-turquoise.md
meaning,16,cross-paradigmatic,violet,complete,cells/meaning/16-cross-paradigmatic.md
meaning,17,meta-cross-violet,violet,complete,cells/meaning/17-meta-cross-violet.md
media,1,prehension,infrared,complete,cells/media/01-prehension.md
media,2,irritability,infrared,complete,cells/media/02-irritability.md
media,3,basic-impulse,magenta,complete,cells/media/03-basic-impulse.md
media,4,emotion-complex,red,complete,cells/media/04-emotion-complex.md
media,5,sensory-motor,red,complete,cells/media/05-sensory-motor.md
media,6,nominal-rule,amber,complete,cells/media/06-nominal-rule.md
media,7,sentential-faith,amber,complete,cells/media/07-sentential-faith.md
media,8,preoperational,amber,complete,cells/media/08-preoperational.md
media,9,primary-modern,amber,complete,cells/media/09-primary-modern.md
media,10,concrete-peak,amber,complete,cells/media/10-concrete-peak.md
media,11,abstract-emerge,orange,complete,cells/media/11-abstract-emerge.md
media,12,formal-landmark,orange,complete,cells/media/12-formal-landmark.md
media,13,systematic-green,green,complete,cells/media/13-systematic-green.md
media,14,metasystematic-teal,teal,complete,cells/media/14-metasystematic-teal.md
media,15,paradigmatic-turq,turquoise,complete,cells/media/15-paradigmatic-turq.md
media,16,cross-paradigmatic,indigo,complete,cells/media/16-cross-paradigmatic.md
media,17,meta-cross-violet,violet,complete,cells/media/17-meta-cross-violet.md
moral,1,prehension,infrared,complete,cells/moral/01-prehension.md
moral,2,irritability,infrared,complete,cells/moral/02-irritability.md
moral,3,basic-impulse,magenta,complete,cells/moral/03-basic-impulse.md
moral,4,emotion-complex,red,complete,cells/moral/04-emotion-complex.md
moral,5,sensory-motor,red,complete,cells/moral/05-sensory-motor.md
moral,6,nominal-rule,amber,complete,cells/moral/06-nominal-rule.md
moral,7,sentential-faith,amber,complete,cells/moral/07-sentential-faith.md
moral,8,preoperational,amber,complete,cells/moral/08-preoperational.md
moral,9,primary-modern,amber,complete,cells/moral/09-primary-modern.md
moral,10,concrete-peak,amber,complete,cells/moral/10-concrete-peak.md
moral,11,abstract-emerge,orange,complete,cells/moral/11-abstract-emerge.md
moral,12,formal-landmark,orange,complete,cells/moral/12-formal-landmark.md
moral,13,systematic-green,green,complete,cells/moral/13-systematic-green.md
moral,14,metasystematic-teal,teal,complete,cells/moral/14-metasystematic-teal.md
moral,15,paradigmatic-turq,turquoise,complete,cells/moral/15-paradigmatic-turq.md
moral,16,cross-paradigmatic,indigo,complete,cells/moral/16-cross-paradigmatic.md
moral,17,meta-cross-violet,violet,complete,cells/moral/17-meta-cross-violet.md
mythos,1,prehension,infrared,complete,cells/mythos/01-prehension.md
mythos,2,irritability,infrared,complete,cells/mythos/02-irritability.md
mythos,3,basic-impulse,magenta,complete,cells/mythos/03-basic-impulse.md
mythos,4,emotion-complex,red,complete,cells/mythos/04-emotion-complex.md
mythos,5,sensory-motor,red,complete,cells/mythos/05-sensory-motor.md
mythos,6,nominal-rule,amber,complete,cells/mythos/06-nominal-rule.md
mythos,7,sentential-faith,amber,complete,cells/mythos/07-sentential-faith.md
mythos,8,preoperational,amber,complete,cells/mythos/08-preoperational.md
mythos,9,primary-modern,amber,complete,cells/mythos/09-primary-modern.md
mythos,10,concrete-peak,amber,complete,cells/mythos/10-concrete-peak.md
mythos,11,abstract-emerge,orange,complete,cells/mythos/11-abstract-emerge.md
mythos,12,formal-landmark,orange,complete,cells/mythos/12-formal-landmark.md
mythos,13,systematic-green,green,complete,cells/mythos/13-systematic-green.md
mythos,14,metasystematic-teal,teal,complete,cells/mythos/14-metasystematic-teal.md
mythos,15,paradigmatic-turq,turquoise,complete,cells/mythos/15-paradigmatic-turq.md
mythos,16,cross-paradigmatic,indigo,complete,cells/mythos/16-cross-paradigmatic.md
mythos,17,meta-cross-violet,violet,complete,cells/mythos/17-meta-cross-violet.md
narrative,1,prehension,infrared,complete,cells/narrative/01-prehension.md
narrative,2,irritability,infrared,complete,cells/narrative/02-irritability.md
narrative,3,basic-impulse,magenta,complete,cells/narrative/03-basic-impulse.md
narrative,4,emotion-complex,red,complete,cells/narrative/04-emotion-complex.md
narrative,5,sensory-motor,red,complete,cells/narrative/05-sensory-motor.md
narrative,6,nominal-rule,amber,complete,cells/narrative/06-nominal-rule.md
narrative,7,sentential-faith,amber,complete,cells/narrative/07-sentential-faith.md
narrative,8,preoperational,amber,complete,cells/narrative/08-preoperational.md
narrative,9,primary-modern,amber,complete,cells/narrative/09-primary-modern.md
narrative,10,concrete-peak,amber,complete,cells/narrative/10-concrete-peak.md
narrative,11,abstract-emerge,orange,complete,cells/narrative/11-abstract-emerge.md
narrative,12,formal-landmark,orange,complete,cells/narrative/12-formal-landmark.md
narrative,13,systematic-green,green,complete,cells/narrative/13-systematic-green.md
narrative,14,metasystematic-teal,teal,complete,cells/narrative/14-metasystematic-teal.md
narrative,15,paradigmatic-turq,turquoise,complete,cells/narrative/15-paradigmatic-turq.md
narrative,16,cross-paradigmatic,indigo,complete,cells/narrative/16-cross-paradigmatic.md
narrative,17,meta-cross-violet,violet,complete,cells/narrative/17-meta-cross-violet.md
needs,1,prehension,infrared,complete,cells/needs/01-prehension.md
needs,2,irritability,infrared,complete,cells/needs/02-irritability.md
needs,3,basic-impulse,magenta,complete,cells/needs/03-basic-impulse.md
needs,4,emotion-complex,red,complete,cells/needs/04-emotion-complex.md
needs,5,sensory-motor,red,complete,cells/needs/05-sensory-motor.md
needs,6,nominal-rule,amber,complete,cells/needs/06-nominal-rule.md
needs,7,sentential-faith,amber,complete,cells/needs/07-sentential-faith.md
needs,8,preoperational,amber,complete,cells/needs/08-preoperational.md
needs,9,primary-modern,amber,complete,cells/needs/09-primary-modern.md
needs,10,concrete-peak,amber,complete,cells/needs/10-concrete-peak.md
needs,11,abstract-emerge,orange,complete,cells/needs/11-abstract-emerge.md
needs,12,formal-landmark,orange,complete,cells/needs/12-formal-landmark.md
needs,13,systematic-green,green,complete,cells/needs/13-systematic-green.md
needs,14,metasystematic-teal,teal,complete,cells/needs/14-metasystematic-teal.md
needs,15,paradigmatic-turq,turquoise,complete,cells/needs/15-paradigmatic-turq.md
needs,16,cross-paradigmatic,indigo,complete,cells/needs/16-cross-paradigmatic.md
needs,17,meta-cross-violet,violet,complete,cells/needs/17-meta-cross-violet.md
physical-vitality,1,prehension,infrared,complete,cells/physical-vitality/01-prehension.md
physical-vitality,2,irritability,infrared,complete,cells/physical-vitality/02-irritability.md
physical-vitality,3,basic-impulse,magenta,complete,cells/physical-vitality/03-basic-impulse.md
physical-vitality,4,emotion-complex,red,complete,cells/physical-vitality/04-emotion-complex.md
physical-vitality,5,sensory-motor,red,complete,cells/physical-vitality/05-sensory-motor.md
physical-vitality,6,nominal-rule,amber,complete,cells/physical-vitality/06-nominal-rule.md
physical-vitality,7,sentential-faith,amber,complete,cells/physical-vitality/07-sentential-faith.md
physical-vitality,8,preoperational,amber,complete,cells/physical-vitality/08-preoperational.md
physical-vitality,9,primary-modern,amber,complete,cells/physical-vitality/09-primary-modern.md
physical-vitality,10,concrete-peak,amber,complete,cells/physical-vitality/10-concrete-peak.md
physical-vitality,11,abstract-emerge,orange,complete,cells/physical-vitality/11-abstract-emerge.md
physical-vitality,12,formal-landmark,orange,complete,cells/physical-vitality/12-formal-landmark.md
physical-vitality,13,systematic-green,green,complete,cells/physical-vitality/13-systematic-green.md
physical-vitality,14,metasystematic-teal,teal,complete,cells/physical-vitality/14-metasystematic-teal.md
physical-vitality,15,paradigmatic-turq,turquoise,complete,cells/physical-vitality/15-paradigmatic-turq.md
physical-vitality,16,cross-paradigmatic,indigo,complete,cells/physical-vitality/16-cross-paradigmatic.md
physical-vitality,17,meta-cross-violet,violet,complete,cells/physical-vitality/17-meta-cross-violet.md
pragmatic,1,prehension,amber,complete,cells/pragmatic/01-prehension.md
pragmatic,2,irritability,amber,complete,cells/pragmatic/02-irritability.md
pragmatic,3,basic-impulse,amber,complete,cells/pragmatic/03-basic-impulse.md
pragmatic,4,emotion-complex,amber,complete,cells/pragmatic/04-emotion-complex.md
pragmatic,5,sensory-motor,amber,complete,cells/pragmatic/05-sensory-motor.md
pragmatic,6,nominal-rule,amber,complete,cells/pragmatic/06-nominal-rule.md
pragmatic,7,sentential-faith,amber,complete,cells/pragmatic/07-sentential-faith.md
pragmatic,8,preoperational,amber,complete,cells/pragmatic/08-preoperational.md
pragmatic,9,primary-modern,amber,complete,cells/pragmatic/09-primary-modern.md
pragmatic,10,concrete-peak,amber,complete,cells/pragmatic/10-concrete-peak.md
pragmatic,11,abstract-emerge,orange,complete,cells/pragmatic/11-abstract-emerge.md
pragmatic,12,formal-landmark,orange,complete,cells/pragmatic/12-formal-landmark.md
pragmatic,13,systematic-green,green,complete,cells/pragmatic/13-systematic-green.md
pragmatic,14,metasystematic-teal,teal,complete,cells/pragmatic/14-metasystematic-teal.md
pragmatic,15,paradigmatic-turq,turquoise,complete,cells/pragmatic/15-paradigmatic-turq.md
pragmatic,16,cross-paradigmatic,indigo,complete,cells/pragmatic/16-cross-paradigmatic.md
pragmatic,17,meta-cross-violet,violet,complete,cells/pragmatic/17-meta-cross-violet.md
regenerative-design,1,prehension,infrared,complete,cells/regenerative-design/01-prehension.md
regenerative-design,2,irritability,infrared,complete,cells/regenerative-design/02-irritability.md
regenerative-design,3,basic-impulse,infrared,complete,cells/regenerative-design/03-basic-impulse.md
regenerative-design,4,emotion-complex,magenta,complete,cells/regenerative-design/04-emotion-complex.md
regenerative-design,5,sensory-motor,red,complete,cells/regenerative-design/05-sensory-motor.md
regenerative-design,6,nominal-rule,amber,complete,cells/regenerative-design/06-nominal-rule.md
regenerative-design,7,sentential-faith,amber,complete,cells/regenerative-design/07-sentential-faith.md
regenerative-design,8,preoperational,green,complete,cells/regenerative-design/08-preoperational.md
regenerative-design,9,primary-modern,amber,complete,cells/regenerative-design/09-primary-modern.md
regenerative-design,10,concrete-peak,orange,complete,cells/regenerative-design/10-concrete-peak.md
regenerative-design,11,abstract-emerge,orange,complete,cells/regenerative-design/11-abstract-emerge.md
regenerative-design,12,formal-landmark,teal,complete,cells/regenerative-design/12-formal-landmark.md
regenerative-design,13,systematic-green,teal,complete,cells/regenerative-design/13-systematic-green.md
regenerative-design,14,metasystematic-teal,turquoise,complete,cells/regenerative-design/14-metasystematic-teal.md
regenerative-design,15,paradigmatic-turq,turquoise,complete,cells/regenerative-design/15-paradigmatic-turq.md
regenerative-design,15,paradigmatic-turquoise,turquoise,complete,cells/regenerative-design/15-paradigmatic-turquoise.md
regenerative-design,16,cross-paradigmatic,violet,complete,cells/regenerative-design/16-cross-paradigmatic.md
regenerative-design,17,meta-cross-violet,violet,complete,cells/regenerative-design/17-meta-cross-violet.md
religion-statistical,1,infrared-infrared,infrared,complete,cells/religion-statistical/01-infrared-infrared.md
religion-statistical,1,prehension,infrared,complete,cells/religion-statistical/01-prehension.md
religion-statistical,2,infrared-magenta,infrared,complete,cells/religion-statistical/02-infrared-magenta.md
religion-statistical,2,irritability,infrared,complete,cells/religion-statistical/02-irritability.md
religion-statistical,3,basic-impulse,magenta,complete,cells/religion-statistical/03-basic-impulse.md
religion-statistical,3,red-impulsive,red,complete,cells/religion-statistical/03-red-impulsive.md
religion-statistical,4,emotion-complex,red,complete,cells/religion-statistical/04-emotion-complex.md
religion-statistical,4,red-powergods,red,complete,cells/religion-statistical/04-red-powergods.md
religion-statistical,5,amber-conformist,amber,complete,cells/religion-statistical/05-amber-conformist.md
religion-statistical,5,sensory-motor,red,complete,cells/religion-statistical/05-sensory-motor.md
religion-statistical,6,amber-perfectionist,amber,complete,cells/religion-statistical/06-amber-perfectionist.md
religion-statistical,6,nominal-rule,amber,complete,cells/religion-statistical/06-nominal-rule.md
religion-statistical,7,amber-achievement,amber,complete,cells/religion-statistical/07-amber-achievement.md
religion-statistical,7,sentential-faith,amber,complete,cells/religion-statistical/07-sentential-faith.md
religion-statistical,8,amber-preoperational,amber,complete,cells/religion-statistical/08-amber-preoperational.md
religion-statistical,8,preoperational,amber,complete,cells/religion-statistical/08-preoperational.md
religion-statistical,9,primary-modern,amber,complete,cells/religion-statistical/09-primary-modern.md
religion-statistical,10,concrete-peak,orange,complete,cells/religion-statistical/10-concrete-peak.md
religion-statistical,11,abstract-emerge,orange,complete,cells/religion-statistical/11-abstract-emerge.md
religion-statistical,12,formal-mind,orange,complete,cells/religion-statistical/12-formal-mind.md
religion-statistical,13,early-postformal,green,complete,cells/religion-statistical/13-early-postformal.md
religion-statistical,13,systematic-green,green,complete,cells/religion-statistical/13-systematic-green.md
religion-statistical,14,late-postformal,green,complete,cells/religion-statistical/14-late-postformal.md
religion-statistical,14,metasystematic-teal,teal,complete,cells/religion-statistical/14-metasystematic-teal.md
religion-statistical,15,intergral-holarchic,teal,complete,cells/religion-statistical/15-intergral-holarchic.md
religion-statistical,15,paradigmatic-turq,turquoise,complete,cells/religion-statistical/15-paradigmatic-turq.md
religion-statistical,16,cross-paradigmatic,indigo,complete,cells/religion-statistical/16-cross-paradigmatic.md
religion-statistical,16,late-integral,teal,complete,cells/religion-statistical/16-late-integral.md
religion-statistical,17,meta-cross-violet,violet,complete,cells/religion-statistical/17-meta-cross-violet.md
religion-statistical,17,super-integral,violet,complete,cells/religion-statistical/17-super-integral.md
resource-systems,1,prehension,infrared,complete,cells/resource-systems/01-prehension.md
resource-systems,2,irritability,infrared,complete,cells/resource-systems/02-irritability.md
resource-systems,3,basic-impulse,infrared,complete,cells/resource-systems/03-basic-impulse.md
resource-systems,4,emotion-complex,magenta,complete,cells/resource-systems/04-emotion-complex.md
resource-systems,5,sensory-motor,red,complete,cells/resource-systems/05-sensory-motor.md
resource-systems,6,nominal-rule,amber,complete,cells/resource-systems/06-nominal-rule.md
resource-systems,7,sentential-faith,amber,complete,cells/resource-systems/07-sentential-faith.md
resource-systems,8,preoperational,green,complete,cells/resource-systems/08-preoperational.md
resource-systems,9,primary-modern,amber,complete,cells/resource-systems/09-primary-modern.md
resource-systems,10,concrete-peak,orange,complete,cells/resource-systems/10-concrete-peak.md
resource-systems,11,abstract-emerge,orange,complete,cells/resource-systems/11-abstract-emerge.md
resource-systems,12,formal-landmark,teal,complete,cells/resource-systems/12-formal-landmark.md
resource-systems,13,systematic-green,teal,complete,cells/resource-systems/13-systematic-green.md
resource-systems,14,metasystematic-teal,turquoise,complete,cells/resource-systems/14-metasystematic-teal.md
resource-systems,15,paradigmatic-turq,turquoise,complete,cells/resource-systems/15-paradigmatic-turq.md
resource-systems,16,cross-paradigmatic,violet,complete,cells/resource-systems/16-cross-paradigmatic.md
resource-systems,17,meta-cross-violet,violet,complete,cells/resource-systems/17-meta-cross-violet.md
security,1,prehension,infrared,complete,cells/security/01-prehension.md
security,2,irritability,infrared,complete,cells/security/02-irritability.md
security,3,basic-impulse,magenta,complete,cells/security/03-basic-impulse.md
security,4,emotion-complex,red,complete,cells/security/04-emotion-complex.md
security,5,sensory-motor,red,complete,cells/security/05-sensory-motor.md
security,6,nominal-rule,amber,complete,cells/security/06-nominal-rule.md
security,7,sentential-faith,amber,complete,cells/security/07-sentential-faith.md
security,8,preoperational,amber,complete,cells/security/08-preoperational.md
security,9,primary-modern,amber,complete,cells/security/09-primary-modern.md
security,10,concrete-peak,amber,complete,cells/security/10-concrete-peak.md
security,11,abstract-emerge,orange,complete,cells/security/11-abstract-emerge.md
security,12,formal-landmark,orange,complete,cells/security/12-formal-landmark.md
security,13,systematic-green,green,complete,cells/security/13-systematic-green.md
security,14,metasystematic-teal,teal,complete,cells/security/14-metasystematic-teal.md
security,15,paradigmatic-turq,turquoise,complete,cells/security/15-paradigmatic-turq.md
security,16,cross-paradigmatic,indigo,complete,cells/security/16-cross-paradigmatic.md
security,17,meta-cross-violet,violet,complete,cells/security/17-meta-cross-violet.md
social-systems,1,prehension,infrared,complete,cells/social-systems/01-prehension.md
social-systems,2,irritability,infrared,complete,cells/social-systems/02-irritability.md
social-systems,3,basic-impulse,magenta,complete,cells/social-systems/03-basic-impulse.md
social-systems,4,emotion-complex,red,complete,cells/social-systems/04-emotion-complex.md
social-systems,5,sensory-motor,red,complete,cells/social-systems/05-sensory-motor.md
social-systems,6,nominal-rule,amber,complete,cells/social-systems/06-nominal-rule.md
social-systems,7,sentential-faith,amber,complete,cells/social-systems/07-sentential-faith.md
social-systems,8,preoperational,amber,complete,cells/social-systems/08-preoperational.md
social-systems,9,primary-modern,amber,complete,cells/social-systems/09-primary-modern.md
social-systems,10,concrete-peak,amber,complete,cells/social-systems/10-concrete-peak.md
social-systems,11,abstract-emerge,orange,complete,cells/social-systems/11-abstract-emerge.md
social-systems,12,formal-landmark,orange,complete,cells/social-systems/12-formal-landmark.md
social-systems,13,systematic-green,green,complete,cells/social-systems/13-systematic-green.md
social-systems,14,metasystematic-teal,teal,complete,cells/social-systems/14-metasystematic-teal.md
social-systems,15,paradigmatic-turq,turquoise,complete,cells/social-systems/15-paradigmatic-turq.md
social-systems,16,cross-paradigmatic,indigo,complete,cells/social-systems/16-cross-paradigmatic.md
social-systems,17,meta-cross-violet,violet,complete,cells/social-systems/17-meta-cross-violet.md
somatic,1,prehension,infrared,complete,cells/somatic/01-prehension.md
somatic,2,irritability,infrared,complete,cells/somatic/02-irritability.md
somatic,3,basic-impulse,magenta,complete,cells/somatic/03-basic-impulse.md
somatic,4,emotion-complex,red,complete,cells/somatic/04-emotion-complex.md
somatic,5,sensory-motor,red,complete,cells/somatic/05-sensory-motor.md
somatic,6,nominal-rule,amber,complete,cells/somatic/06-nominal-rule.md
somatic,7,sentential-faith,amber,complete,cells/somatic/07-sentential-faith.md
somatic,8,preoperational,amber,complete,cells/somatic/08-preoperational.md
somatic,9,primary-modern,amber,complete,cells/somatic/09-primary-modern.md
somatic,10,concrete-peak,amber,complete,cells/somatic/10-concrete-peak.md
somatic,11,abstract-emerge,orange,complete,cells/somatic/11-abstract-emerge.md
somatic,12,formal-landmark,orange,complete,cells/somatic/12-formal-landmark.md
somatic,13,systematic-green,green,complete,cells/somatic/13-systematic-green.md
somatic,14,metasystematic-teal,teal,complete,cells/somatic/14-metasystematic-teal.md
somatic,15,paradigmatic-turq,turquoise,complete,cells/somatic/15-paradigmatic-turq.md
somatic,16,cross-paradigmatic,indigo,complete,cells/somatic/16-cross-paradigmatic.md
somatic,17,meta-cross-violet,violet,complete,cells/somatic/17-meta-cross-violet.md
spiritual,1,prehension,infrared,complete,cells/spiritual/01-prehension.md
spiritual,2,irritability,infrared,complete,cells/spiritual/02-irritability.md
spiritual,3,basic-impulse,magenta,complete,cells/spiritual/03-basic-impulse.md
spiritual,4,emotion-complex,red,complete,cells/spiritual/04-emotion-complex.md
spiritual,5,sensory-motor,red,complete,cells/spiritual/05-sensory-motor.md
spiritual,6,nominal-rule,amber,complete,cells/spiritual/06-nominal-rule.md
spiritual,7,sentential-faith,amber,complete,cells/spiritual/07-sentential-faith.md
spiritual,8,preoperational,amber,complete,cells/spiritual/08-preoperational.md
spiritual,9,primary-modern,amber,complete,cells/spiritual/09-primary-modern.md
spiritual,10,concrete-peak,amber,complete,cells/spiritual/10-concrete-peak.md
spiritual,11,abstract-emerge,orange,complete,cells/spiritual/11-abstract-emerge.md
spiritual,12,formal-landmark,orange,complete,cells/spiritual/12-formal-landmark.md
spiritual,13,systematic-green,green,complete,cells/spiritual/13-systematic-green.md
spiritual,14,metasystematic-teal,teal,complete,cells/spiritual/14-metasystematic-teal.md
spiritual,15,paradigmatic-turq,turquoise,complete,cells/spiritual/15-paradigmatic-turq.md
spiritual,16,cross-paradigmatic,indigo,complete,cells/spiritual/16-cross-paradigmatic.md
spiritual,17,meta-cross-violet,violet,complete,cells/spiritual/17-meta-cross-violet.md
storytelling,1,prehension,infrared,complete,cells/storytelling/01-prehension.md
storytelling,2,irritability,infrared,complete,cells/storytelling/02-irritability.md
storytelling,3,basic-impulse,magenta,complete,cells/storytelling/03-basic-impulse.md
storytelling,4,emotion-complex,red,complete,cells/storytelling/04-emotion-complex.md
storytelling,5,sensory-motor,red,complete,cells/storytelling/05-sensory-motor.md
storytelling,6,nominal-rule,amber,complete,cells/storytelling/06-nominal-rule.md
storytelling,7,sentential-faith,amber,complete,cells/storytelling/07-sentential-faith.md
storytelling,8,preoperational,amber,complete,cells/storytelling/08-preoperational.md
storytelling,9,primary-modern,amber,complete,cells/storytelling/09-primary-modern.md
storytelling,10,concrete-peak,amber,complete,cells/storytelling/10-concrete-peak.md
storytelling,11,abstract-emerge,orange,complete,cells/storytelling/11-abstract-emerge.md
storytelling,12,formal-landmark,orange,complete,cells/storytelling/12-formal-landmark.md
storytelling,13,systematic-green,green,complete,cells/storytelling/13-systematic-green.md
storytelling,14,metasystematic-teal,teal,complete,cells/storytelling/14-metasystematic-teal.md
storytelling,15,paradigmatic-turq,turquoise,complete,cells/storytelling/15-paradigmatic-turq.md
storytelling,16,cross-paradigmatic,indigo,complete,cells/storytelling/16-cross-paradigmatic.md
storytelling,17,meta-cross-violet,violet,complete,cells/storytelling/17-meta-cross-violet.md
strategic,1,prehension,infrared,complete,cells/strategic/01-prehension.md
strategic,2,irritability,infrared,complete,cells/strategic/02-irritability.md
strategic,3,basic-impulse,magenta,complete,cells/strategic/03-basic-impulse.md
strategic,4,emotion-complex,red,complete,cells/strategic/04-emotion-complex.md
strategic,5,sensory-motor,red,complete,cells/strategic/05-sensory-motor.md
strategic,6,nominal-rule,amber,complete,cells/strategic/06-nominal-rule.md
strategic,7,sentential-faith,amber,complete,cells/strategic/07-sentential-faith.md
strategic,8,preoperational,amber,complete,cells/strategic/08-preoperational.md
strategic,9,primary-modern,amber,complete,cells/strategic/09-primary-modern.md
strategic,10,concrete-peak,amber,complete,cells/strategic/10-concrete-peak.md
strategic,11,abstract-emerge,orange,complete,cells/strategic/11-abstract-emerge.md
strategic,12,formal-landmark,orange,complete,cells/strategic/12-formal-landmark.md
strategic,13,systematic-green,green,complete,cells/strategic/13-systematic-green.md
strategic,14,metasystematic-teal,teal,complete,cells/strategic/14-metasystematic-teal.md
strategic,15,paradigmatic-turq,turquoise,complete,cells/strategic/15-paradigmatic-turq.md
strategic,16,cross-paradigmatic,indigo,complete,cells/strategic/16-cross-paradigmatic.md
strategic,17,meta-cross-violet,violet,complete,cells/strategic/17-meta-cross-violet.md
system,1,prehension,infrared,complete,cells/system/01-prehension.md
system,2,irritability,infrared,complete,cells/system/02-irritability.md
system,3,basic-impulse,magenta,complete,cells/system/03-basic-impulse.md
system,4,emotion-complex,red,complete,cells/system/04-emotion-complex.md
system,5,sensory-motor,red,complete,cells/system/05-sensory-motor.md
system,6,nominal-rule,amber,complete,cells/system/06-nominal-rule.md
system,7,sentential-faith,amber,complete,cells/system/07-sentential-faith.md
system,8,preoperational,amber,complete,cells/system/08-preoperational.md
system,9,primary-modern,amber,complete,cells/system/09-primary-modern.md
system,10,concrete-peak,amber,complete,cells/system/10-concrete-peak.md
system,11,abstract-emerge,orange,complete,cells/system/11-abstract-emerge.md
system,12,formal-landmark,orange,complete,cells/system/12-formal-landmark.md
system,13,systematic-green,green,complete,cells/system/13-systematic-green.md
system,14,metasystematic-teal,teal,complete,cells/system/14-metasystematic-teal.md
system,15,paradigmatic-turq,turquoise,complete,cells/system/15-paradigmatic-turq.md
system,16,cross-paradigmatic,indigo,complete,cells/system/16-cross-paradigmatic.md
system,17,meta-cross-violet,violet,complete,cells/system/17-meta-cross-violet.md
technology,1,prehension,infrared,complete,cells/technology/01-prehension.md
technology,2,irritability,infrared,complete,cells/technology/02-irritability.md
technology,3,basic-impulse,magenta,complete,cells/technology/03-basic-impulse.md
technology,4,emotion-complex,red,complete,cells/technology/04-emotion-complex.md
technology,5,sensory-motor,red,complete,cells/technology/05-sensory-motor.md
technology,6,nominal-rule,amber,complete,cells/technology/06-nominal-rule.md
technology,7,sentential-faith,amber,complete,cells/technology/07-sentential-faith.md
technology,8,preoperational,amber,complete,cells/technology/08-preoperational.md
technology,9,primary-modern,amber,complete,cells/technology/09-primary-modern.md
technology,10,concrete-peak,amber,complete,cells/technology/10-concrete-peak.md
technology,11,abstract-emerge,orange,complete,cells/technology/11-abstract-emerge.md
technology,12,formal-landmark,orange,complete,cells/technology/12-formal-landmark.md
technology,13,systematic-green,green,complete,cells/technology/13-systematic-green.md
technology,14,metasystematic-teal,teal,complete,cells/technology/14-metasystematic-teal.md
technology,15,paradigmatic-turq,turquoise,complete,cells/technology/15-paradigmatic-turq.md
technology,16,cross-paradigmatic,indigo,complete,cells/technology/16-cross-paradigmatic.md
technology,17,meta-cross-violet,violet,complete,cells/technology/17-meta-cross-violet.md
values,1,prehension,infrared,complete,cells/values/01-prehension.md
values,2,irritability,infrared,complete,cells/values/02-irritability.md
values,3,basic-impulse,magenta,complete,cells/values/03-basic-impulse.md
values,4,emotion-complex,red,complete,cells/values/04-emotion-complex.md
values,5,sensory-motor,red,complete,cells/values/05-sensory-motor.md
values,6,nominal-rule,amber,complete,cells/values/06-nominal-rule.md
values,7,sentential-faith,amber,complete,cells/values/07-sentential-faith.md
values,8,preoperational,amber,complete,cells/values/08-preoperational.md
values,9,primary-modern,amber,complete,cells/values/09-primary-modern.md
values,10,concrete-peak,amber,complete,cells/values/10-concrete-peak.md
values,11,abstract-emerge,orange,complete,cells/values/11-abstract-emerge.md
values,12,formal-landmark,orange,complete,cells/values/12-formal-landmark.md
values,13,systematic-green,green,complete,cells/values/13-systematic-green.md
values,14,metasystematic-teal,teal,complete,cells/values/14-metasystematic-teal.md
values,15,paradigmatic-turq,turquoise,complete,cells/values/15-paradigmatic-turq.md
values,16,cross-paradigmatic,indigo,complete,cells/values/16-cross-paradigmatic.md
values,17,meta-cross-violet,violet,complete,cells/values/17-meta-cross-violet.md
willpower,1,prehension,infrared,complete,cells/willpower/01-prehension.md
willpower,2,irritability,infrared,complete,cells/willpower/02-irritability.md
willpower,3,basic-impulse,magenta,complete,cells/willpower/03-basic-impulse.md
willpower,4,emotion-complex,red,complete,cells/willpower/04-emotion-complex.md
willpower,5,sensory-motor,red,complete,cells/willpower/05-sensory-motor.md
willpower,6,nominal-rule,amber,complete,cells/willpower/06-nominal-rule.md
willpower,7,sentential-faith,amber,complete,cells/willpower/07-sentential-faith.md
willpower,8,preoperational,amber,complete,cells/willpower/08-preoperational.md
willpower,9,primary-modern,amber,complete,cells/willpower/09-primary-modern.md
willpower,10,concrete-peak,amber,complete,cells/willpower/10-concrete-peak.md
willpower,11,abstract-emerge,orange,complete,cells/willpower/11-abstract-emerge.md
willpower,12,formal-landmark,orange,complete,cells/willpower/12-formal-landmark.md
willpower,13,systematic-green,green,complete,cells/willpower/13-systematic-green.md
willpower,14,metasystematic-teal,teal,complete,cells/willpower/14-metasystematic-teal.md
willpower,15,paradigmatic-turq,turquoise,complete,cells/willpower/15-paradigmatic-turq.md
willpower,16,cross-paradigmatic,indigo,complete,cells/willpower/16-cross-paradigmatic.md
willpower,17,meta-cross-violet,violet,complete,cells/willpower/17-meta-cross-violet.md
worldview,1,prehension,infrared,complete,cells/worldview/01-prehension.md
worldview,2,irritability,infrared,complete,cells/worldview/02-irritability.md
worldview,3,basic-impulse,infrared,complete,cells/worldview/03-basic-impulse.md
worldview,4,emotion-complex,magenta,complete,cells/worldview/04-emotion-complex.md
worldview,5,sensory-motor,red,complete,cells/worldview/05-sensory-motor.md
worldview,6,nominal-rule,amber,complete,cells/worldview/06-nominal-rule.md
worldview,7,sentential-faith,amber,complete,cells/worldview/07-sentential-faith.md
worldview,8,preoperational,green,complete,cells/worldview/08-preoperational.md
worldview,9,primary-modern,amber,complete,cells/worldview/09-primary-modern.md
worldview,10,concrete-peak,orange,complete,cells/worldview/10-concrete-peak.md
worldview,11,abstract-emerge,orange,complete,cells/worldview/11-abstract-emerge.md
worldview,12,formal-landmark,teal,complete,cells/worldview/12-formal-landmark.md
worldview,13,systematic-green,teal,complete,cells/worldview/13-systematic-green.md
worldview,14,metasystematic-teal,turquoise,complete,cells/worldview/14-metasystematic-teal.md
worldview,15,paradigmatic-turq,turquoise,complete,cells/worldview/15-paradigmatic-turq.md
worldview,16,cross-paradigmatic,violet,complete,cells/worldview/16-cross-paradigmatic.md
worldview,17,meta-cross-violet,violet,complete,cells/worldview/17-meta-cross-violet.md
